Nome da Marca,Tipo,Custo Unitario,Preco Unitario,ID Produto,Categoria
Contoso,Regular,"11,91","25,9",839,Acessório para Computador
Contoso,Regular,"18,35","39,9",840,Acessório para Computador
Contoso,Regular,"5,29","11,5",775,Acessório para Computador
Contoso,Regular,"10,99","23,9",776,Acessório para Computador
Contoso,Regular,"9,17","19,95",780,Acessório para Computador
Contoso,Regular,"7,59","16,5",781,Acessório para Computador
Contoso,Regular,"7,59","16,5",784,Acessório para Computador
Contoso,Regular,"4,37","9,5",785,Acessório para Computador
Contoso,Regular,"5,29","11,5",788,Acessório para Computador
Contoso,Regular,"9,17","19,95",810,Acessório para Computador
Contoso,Regular,"7,59","16,5",811,Acessório para Computador
Contoso,Regular,"7,59","16,5",814,Acessório para Computador
Contoso,Regular,"4,37","9,5",815,Acessório para Computador
Contoso,Regular,"5,29","11,5",818,Acessório para Computador
Contoso,Regular,"9,17","19,95",745,Acessório para Computador
Contoso,Regular,"7,59","16,5",746,Acessório para Computador
Contoso,Regular,"7,59","16,5",749,Acessório para Computador
Contoso,Regular,"4,37","9,5",750,Acessório para Computador
Contoso,Regular,"5,29","11,5",753,Acessório para Computador
Contoso,Regular,"13,75","29,9",756,Acessório para Computador
Contoso,Regular,"12,83","27,9",757,Acessório para Computador
Contoso,Regular,"12,83","27,9",758,Acessório para Computador
Contoso,Regular,"10,99","23,9",763,Acessório para Computador
Contoso,Regular,"13,75","29,9",791,Acessório para Computador
Contoso,Regular,"12,83","27,9",792,Acessório para Computador
Contoso,Regular,"12,83","27,9",793,Acessório para Computador
Contoso,Regular,"10,99","23,9",798,Acessório para Computador
Contoso,Regular,"13,75","29,9",821,Acessório para Computador
Contoso,Regular,"12,83","27,9",822,Acessório para Computador
Contoso,Regular,"12,83","27,9",823,Acessório para Computador
Contoso,Regular,"10,99","23,9",828,Acessório para Computador
Contoso,Regular,"59,32",129,854,Acessório para Computador
Contoso,Regular,"59,32",129,855,Acessório para Computador
Contoso,Regular,"59,32",129,856,Acessório para Computador
Contoso,Regular,"59,32",129,857,Acessório para Computador
Contoso,Regular,"13,77","29,95",858,Acessório para Computador
Contoso,Regular,"13,77","29,95",859,Acessório para Computador
Contoso,Regular,"13,77","29,95",860,Acessório para Computador
Contoso,Regular,"13,77","29,95",861,Acessório para Computador
Contoso,Regular,"13,77","29,95",862,Acessório para Computador
Contoso,Regular,"23,45","50,99",863,Acessório para Computador
Contoso,Regular,"23,45","50,99",864,Acessório para Computador
Contoso,Regular,"23,45","50,99",865,Acessório para Computador
Contoso,Regular,"32,19","69,99",866,Acessório para Computador
Contoso,Regular,"32,19","69,99",867,Acessório para Computador
Contoso,Regular,"32,19","69,99",868,Acessório para Computador
Contoso,Regular,"32,19","69,99",869,Acessório para Computador
Contoso,Regular,"10,57","22,99",1352,Telefone para Casa & Escritório
Contoso,Regular,"12,41","26,99",1353,Telefone para Casa & Escritório
Contoso,Regular,"13,33","28,99",1354,Telefone para Casa & Escritório
Contoso,Regular,"15,17","32,99",1355,Telefone para Casa & Escritório
Contoso,Regular,"16,55","35,99",1356,Telefone para Casa & Escritório
Contoso,Regular,"17,93","38,99",1357,Telefone para Casa & Escritório
Contoso,Regular,"18,39","39,99",1358,Telefone para Casa & Escritório
Contoso,Regular,"7,81","16,99",1362,Telefone para Casa & Escritório
Contoso,Regular,"10,57","22,99",1363,Telefone para Casa & Escritório
Contoso,Regular,"10,57","22,99",1319,Telefone para Casa & Escritório
Contoso,Regular,"12,41","26,99",1320,Telefone para Casa & Escritório
Contoso,Regular,"13,33","28,99",1321,Telefone para Casa & Escritório
Contoso,Regular,"15,17","32,99",1322,Telefone para Casa & Escritório
Contoso,Regular,"16,55","35,99",1323,Telefone para Casa & Escritório
Contoso,Regular,"17,93","38,99",1324,Telefone para Casa & Escritório
Contoso,Regular,"18,39","39,99",1325,Telefone para Casa & Escritório
Contoso,Regular,"7,81","16,99",1329,Telefone para Casa & Escritório
Contoso,Regular,"10,57","22,99",1330,Telefone para Casa & Escritório
Contoso,Regular,"12,41","26,99",1331,Telefone para Casa & Escritório
Contoso,Regular,"13,33","28,99",1332,Telefone para Casa & Escritório
Contoso,Regular,"15,17","32,99",1333,Telefone para Casa & Escritório
Contoso,Regular,"16,55","35,99",1334,Telefone para Casa & Escritório
Contoso,Regular,"18,48","40,19",1335,Telefone para Casa & Escritório
Contoso,Regular,"20,15","43,81",1336,Telefone para Casa & Escritório
Contoso,Regular,"21,82","47,44",1337,Telefone para Casa & Escritório
Contoso,Regular,"15,17","32,99",1338,Telefone para Casa & Escritório
Contoso,Regular,"16,55","35,99",1339,Telefone para Casa & Escritório
Contoso,Regular,"10,12",22,1345,Telefone para Casa & Escritório
Contoso,Regular,"10,58",23,1346,Telefone para Casa & Escritório
Contoso,Regular,"9,66",21,1347,Telefone para Casa & Escritório
Contoso,Regular,"10,57","22,99",1348,Telefone para Casa & Escritório
Contoso,Regular,"12,41","26,99",1364,Telefone para Casa & Escritório
Contoso,Regular,"13,33","28,99",1365,Telefone para Casa & Escritório
Contoso,Regular,"15,17","32,99",1366,Telefone para Casa & Escritório
Contoso,Regular,"16,55","35,99",1367,Telefone para Casa & Escritório
Contoso,Regular,"18,48","40,19",1368,Telefone para Casa & Escritório
Contoso,Regular,"20,15","43,81",1369,Telefone para Casa & Escritório
Contoso,Regular,"21,82","47,44",1370,Telefone para Casa & Escritório
Contoso,Regular,"15,17","32,99",1371,Telefone para Casa & Escritório
Contoso,Regular,"16,55","35,99",1372,Telefone para Casa & Escritório
Contoso,Regular,"10,12",22,1378,Telefone para Casa & Escritório
Contoso,Regular,"10,58",23,1379,Telefone para Casa & Escritório
Contoso,Regular,"9,66",21,1380,Telefone para Casa & Escritório
Contoso,Regular,"10,57","22,99",1381,Telefone para Casa & Escritório
Contoso,Regular,"10,57","22,99",1385,Telefone para Casa & Escritório
Contoso,Regular,"12,41","26,99",1386,Telefone para Casa & Escritório
Contoso,Regular,"13,33","28,99",1387,Telefone para Casa & Escritório
Contoso,Regular,"15,17","32,99",1388,Telefone para Casa & Escritório
Contoso,Regular,"16,55","35,99",1389,Telefone para Casa & Escritório
Contoso,Regular,"17,93","38,99",1390,Telefone para Casa & Escritório
Contoso,Regular,"18,39","39,99",1391,Telefone para Casa & Escritório
Contoso,Regular,"7,81","16,99",1395,Telefone para Casa & Escritório
Contoso,Regular,"10,57","22,99",1396,Telefone para Casa & Escritório
Contoso,Regular,"12,41","26,99",1397,Telefone para Casa & Escritório
Contoso,Regular,"13,33","28,99",1398,Telefone para Casa & Escritório
Contoso,Regular,"15,17","32,99",1399,Telefone para Casa & Escritório
Contoso,Regular,"16,55","35,99",1400,Telefone para Casa & Escritório
Contoso,Regular,"18,48","40,19",1401,Telefone para Casa & Escritório
Contoso,Regular,"20,15","43,81",1402,Telefone para Casa & Escritório
Contoso,Regular,"21,82","47,44",1403,Telefone para Casa & Escritório
Contoso,Regular,"15,17","32,99",1404,Telefone para Casa & Escritório
Contoso,Regular,"16,55","35,99",1405,Telefone para Casa & Escritório
Contoso,Regular,"11,5",25,1296,Acessório para Câmera
Contoso,Regular,"11,5",25,1297,Acessório para Câmera
Contoso,Regular,"11,5",25,1298,Acessório para Câmera
Contoso,Regular,"11,5",25,1299,Acessório para Câmera
Contoso,Regular,"43,69",95,1300,Acessório para Câmera
Contoso,Regular,"43,69",95,1301,Acessório para Câmera
Contoso,Regular,"43,69",95,1302,Acessório para Câmera
Contoso,Regular,"43,69",95,1303,Acessório para Câmera
Contoso,Regular,"31,27",68,1304,Acessório para Câmera
Contoso,Regular,"31,27",68,1305,Acessório para Câmera
Contoso,Regular,"31,27",68,1306,Acessório para Câmera
Contoso,Regular,"31,27",68,1307,Acessório para Câmera
Contoso,Regular,"94,27",205,1312,Acessório para Câmera
Contoso,Regular,"94,27",205,1313,Acessório para Câmera
Contoso,Regular,"94,27",205,1314,Acessório para Câmera
Contoso,Regular,"94,27",205,1315,Acessório para Câmera
Contoso,Regular,"50,56","109,95",16,Aparelho de Som
Contoso,Regular,"50,56","109,95",17,Aparelho de Som
Contoso,Regular,"50,56","109,95",18,Aparelho de Som
Contoso,Regular,"50,56","109,95",19,Aparelho de Som
Contoso,Regular,"61,62",134,20,Aparelho de Som
Contoso,Regular,"61,62",134,21,Aparelho de Som
Contoso,Regular,"61,62",134,22,Aparelho de Som
Contoso,Regular,"61,62",134,23,Aparelho de Som
Contoso,Regular,"91,93","199,9",24,Aparelho de Som
Contoso,Regular,"91,93","199,9",25,Aparelho de Som
Contoso,Regular,"91,93","199,9",26,Aparelho de Som
Contoso,Regular,"91,93","199,9",27,Aparelho de Som
Contoso,Regular,"91,93","199,9",28,Aparelho de Som
Contoso,Regular,"84,49",255,29,Aparelho de Som
Contoso,Regular,"84,49",255,30,Aparelho de Som
Contoso,Regular,"84,49",255,31,Aparelho de Som
Contoso,Regular,"84,49",255,32,Aparelho de Som
Contoso,Regular,"84,49",255,33,Aparelho de Som
Contoso,Regular,"48,92","95,95",34,Aparelho de Som
Contoso,Regular,"48,92","95,95",35,Aparelho de Som
Contoso,Regular,"48,92","95,95",36,Aparelho de Som
Contoso,Regular,"106,69",232,41,Aparelho de Som
Contoso,Regular,"106,69",232,42,Aparelho de Som
Contoso,Regular,"106,69",232,43,Aparelho de Som
Contoso,Regular,"106,69",232,44,Aparelho de Som
Contoso,Regular,"106,69",232,45,Aparelho de Som
Contoso,Regular,"167,73",329,241,Home Theater
Contoso,Regular,"294,54",889,242,Home Theater
Contoso,Regular,"208,52",409,243,Home Theater
Contoso,Regular,"197,28",429,244,Home Theater
Contoso,Regular,"224,87",489,245,Home Theater
Contoso,Regular,"167,73",329,246,Home Theater
Contoso,Regular,"155,89",339,247,Home Theater
Contoso,Regular,"183,49",399,248,Home Theater
Contoso,Regular,"243,27",529,250,Home Theater
Contoso,Regular,"244,72",480,251,Home Theater
Contoso,Regular,"183,54",360,252,Home Theater
Contoso,Regular,"167,73",329,254,Home Theater
Contoso,Regular,"294,54",889,255,Home Theater
Contoso,Regular,"208,52",409,256,Home Theater
Contoso,Regular,"197,28",429,257,Home Theater
Contoso,Regular,"224,87",489,258,Home Theater
Contoso,Regular,"167,73",329,259,Home Theater
Contoso,Regular,"155,89",339,260,Home Theater
Contoso,Regular,"183,49",399,261,Home Theater
Contoso,Regular,"243,27",529,263,Home Theater
Contoso,Regular,"244,72",480,264,Home Theater
Contoso,Regular,"183,54",360,265,Home Theater
Contoso,Regular,"167,73",329,267,Home Theater
Contoso,Regular,"294,54",889,268,Home Theater
Contoso,Regular,"208,52",409,269,Home Theater
Contoso,Regular,"197,28",429,270,Home Theater
Contoso,Regular,"224,87",489,271,Home Theater
Contoso,Regular,"167,73",329,272,Home Theater
Contoso,Regular,"155,89",339,273,Home Theater
Contoso,Regular,"183,49",399,274,Home Theater
Contoso,Regular,"243,27",529,276,Home Theater
Contoso,Regular,"244,72",480,277,Home Theater
Contoso,Regular,"183,54",360,278,Home Theater
Contoso,Regular,"167,73",329,280,Home Theater
Contoso,Regular,"294,54",889,281,Home Theater
Contoso,Regular,"208,52",409,282,Home Theater
Contoso,Regular,"197,28",429,283,Home Theater
Contoso,Regular,"224,87",489,284,Home Theater
Contoso,Regular,"167,73",329,285,Home Theater
Contoso,Regular,"155,89",339,286,Home Theater
Contoso,Regular,"183,49",399,287,Home Theater
Contoso,Regular,"243,27",529,289,Home Theater
Contoso,Regular,"244,72",480,290,Home Theater
Contoso,Regular,"183,54",360,291,Home Theater
Contoso,Regular,"157,73",343,1102,Câmera Digital SLR
Contoso,Regular,"164,63",358,1103,Câmera Digital SLR
Contoso,Regular,"141,47",427,1104,Câmera Digital SLR
Contoso,Regular,"188,19",568,1105,Câmera Digital SLR
Contoso,Regular,"164,63",358,1107,Câmera Digital SLR
Contoso,Regular,"133,36",290,1466,Smartphone
Contoso,Regular,"138,42",301,1467,Smartphone
Contoso,Regular,"117,73",256,1459,Smartphone
Contoso,Regular,"137,96",300,1460,Smartphone
Contoso,Regular,"141,64",308,1461,Smartphone
Contoso,Regular,"123,24",268,1462,Smartphone
Contoso,Regular,"134,74",293,1463,Smartphone
Contoso,Regular,"118,65",258,1464,Smartphone
Contoso,Regular,"321,44",699,577,Projetor
Contoso,Regular,"459,4",999,578,Projetor
Contoso,Regular,"116,75",229,579,Projetor
Contoso,Regular,"254,4",499,580,Projetor
Contoso,Regular,"152,08",459,581,Projetor
Contoso,Regular,"137,5",299,582,Projetor
Contoso,Regular,"83,16",251,583,Projetor
Contoso,Regular,"321,44",699,589,Projetor
Contoso,Regular,"459,4",999,590,Projetor
Contoso,Regular,"116,75",229,591,Projetor
Contoso,Regular,"254,4",499,592,Projetor
Contoso,Regular,"152,08",459,593,Projetor
Contoso,Regular,"137,5",299,594,Projetor
Contoso,Regular,"83,16",251,595,Projetor
Contoso,Regular,"321,44",699,601,Projetor
Contoso,Regular,"459,4",999,602,Projetor
Contoso,Regular,"116,75",229,603,Projetor
Contoso,Regular,"254,4",499,604,Projetor
Contoso,Regular,"152,08",459,605,Projetor
Contoso,Regular,"137,5",299,606,Projetor
Contoso,Regular,"83,16",251,607,Projetor
Contoso,Regular,"188,19",568,1077,Câmera Digital SLR
Contoso,Regular,"164,63",358,1079,Câmera Digital SLR
Contoso,Regular,"188,19",568,1081,Câmera Digital SLR
Contoso,Regular,"164,63",358,1083,Câmera Digital SLR
Contoso,Regular,"188,19",568,1085,Câmera Digital SLR
Contoso,Regular,"164,63",358,1087,Câmera Digital SLR
Contoso,Regular,"188,19",568,1089,Câmera Digital SLR
Contoso,Regular,"152,68",332,1090,Câmera Digital SLR
Contoso,Regular,"164,63",358,1091,Câmera Digital SLR
Contoso,Regular,"188,19",568,1093,Câmera Digital SLR
Contoso,Regular,"152,68",332,1094,Câmera Digital SLR
Contoso,Regular,"164,63",358,1095,Câmera Digital SLR
Contoso,Regular,"188,19",568,1097,Câmera Digital SLR
Contoso,Regular,"157,73",343,1098,Câmera Digital SLR
Contoso,Regular,"164,63",358,1099,Câmera Digital SLR
Contoso,Regular,"188,19",568,1101,Câmera Digital SLR
Contoso,Regular,"26,21","56,99",1616,Filme DVD
Contoso,Regular,"26,67","57,99",1617,Filme DVD
Contoso,Regular,"27,13","58,99",1618,Filme DVD
Contoso,Regular,"27,59","59,99",1619,Filme DVD
Contoso,Regular,"28,05","60,99",1620,Filme DVD
Contoso,Regular,"8,27","17,99",1627,Filme DVD
Contoso,Regular,"6,39","13,89",1628,Filme DVD
Contoso,Regular,"5,82","12,66",1631,Filme DVD
Contoso,Regular,"8,27","17,99",1632,Filme DVD
Contoso,Regular,"6,39","13,89",1633,Filme DVD
Contoso,Regular,"5,82","12,66",1636,Filme DVD
Contoso,Regular,"8,27","17,99",1637,Filme DVD
Contoso,Regular,"6,39","13,89",1638,Filme DVD
Contoso,Regular,"5,82","12,66",1641,Filme DVD
Contoso,Regular,"26,62","57,88",1642,Filme DVD
Contoso,Regular,"26,62","57,88",1643,Filme DVD
Contoso,Regular,"26,62","57,88",1644,Filme DVD
Contoso,Regular,"26,62","57,88",1645,Filme DVD
Contoso,Regular,"73,57","159,99",1646,Filme DVD
Contoso,Regular,"82,77","179,99",1647,Filme DVD
Contoso,Regular,"73,57","159,99",1651,Filme DVD
Contoso,Regular,"82,77","179,99",1652,Filme DVD
Contoso,Regular,"73,57","159,99",1656,Filme DVD
Contoso,Regular,"82,77","179,99",1657,Filme DVD
Wide World Importers,Regular,"91,95","199,95",49,Caneta Gravadora
Wide World Importers,Regular,"91,95","199,95",50,Caneta Gravadora
Wide World Importers,Regular,"91,95","199,95",51,Caneta Gravadora
Wide World Importers,Regular,"91,95","199,95",52,Caneta Gravadora
Wide World Importers,Regular,"83,24",181,61,Caneta Gravadora
Wide World Importers,Regular,"83,24",181,62,Caneta Gravadora
Wide World Importers,Regular,"83,24",181,63,Caneta Gravadora
Wide World Importers,Regular,"83,24",181,64,Caneta Gravadora
Wide World Importers,Regular,"83,24",181,65,Caneta Gravadora
Northwind Traders,Regular,"45,98","99,99",83,Fone de Ouvido Bluetooth
Northwind Traders,Regular,"45,98","99,99",84,Fone de Ouvido Bluetooth
Northwind Traders,Regular,"45,98","99,99",85,Fone de Ouvido Bluetooth
Northwind Traders,Regular,"45,98","99,99",86,Fone de Ouvido Bluetooth
Northwind Traders,Regular,"45,98","99,99",87,Fone de Ouvido Bluetooth
Northwind Traders,Regular,"49,69","149,99",88,Fone de Ouvido Bluetooth
Northwind Traders,Regular,"49,69","149,99",89,Fone de Ouvido Bluetooth
Northwind Traders,Regular,"49,69","149,99",90,Fone de Ouvido Bluetooth
Northwind Traders,Regular,"49,69","149,99",91,Fone de Ouvido Bluetooth
Northwind Traders,Regular,"49,69","149,99",92,Fone de Ouvido Bluetooth
Wide World Importers,Regular,"55,18",120,98,Fone de Ouvido Bluetooth
Wide World Importers,Regular,"55,18",120,99,Fone de Ouvido Bluetooth
Wide World Importers,Regular,"55,18",120,100,Fone de Ouvido Bluetooth
Wide World Importers,Regular,"55,18",120,101,Fone de Ouvido Bluetooth
Wide World Importers,Regular,"52,88",115,102,Fone de Ouvido Bluetooth
Wide World Importers,Regular,"52,88",115,103,Fone de Ouvido Bluetooth
Wide World Importers,Regular,"52,88",115,104,Fone de Ouvido Bluetooth
Wide World Importers,Regular,"52,88",115,105,Fone de Ouvido Bluetooth
Wide World Importers,Regular,"61,16","132,99",106,Fone de Ouvido Bluetooth
Wide World Importers,Regular,"61,16","132,99",107,Fone de Ouvido Bluetooth
Wide World Importers,Regular,"61,16","132,99",108,Fone de Ouvido Bluetooth
Wide World Importers,Regular,"61,16","132,99",109,Fone de Ouvido Bluetooth
Wide World Importers,Regular,"61,16","132,99",110,Fone de Ouvido Bluetooth
Adventure Works,Regular,"128,76","279,99",122,Televisão
Adventure Works,Regular,"128,76","279,99",123,Televisão
Adventure Works,Regular,"128,76","279,99",124,Televisão
Adventure Works,Regular,"160,93","349,95",133,Televisão
Adventure Works,Regular,"160,93","349,95",134,Televisão
Adventure Works,Regular,"160,93","349,95",135,Televisão
Adventure Works,Regular,"160,93","349,95",136,Televisão
Adventure Works,Regular,"229,93","499,99",137,Televisão
Adventure Works,Regular,"229,93","499,99",138,Televisão
Adventure Works,Regular,"229,93","499,99",139,Televisão
Adventure Works,Regular,"229,93","499,99",140,Televisão
Adventure Works,Regular,"152,94","299,99",141,Televisão
Adventure Works,Regular,"152,94","299,99",142,Televisão
Adventure Works,Regular,"152,94","299,99",143,Televisão
Adventure Works,Regular,"152,94","299,99",144,Televisão
Adventure Works,Regular,"392,6","1184,97",149,Televisão
Adventure Works,Regular,"392,6","1184,97",150,Televisão
Adventure Works,Regular,"392,6","1184,97",151,Televisão
Adventure Works,Regular,"392,6","1184,97",152,Televisão
Adventure Works,Regular,"216,12","469,97",153,Televisão
Adventure Works,Regular,"216,12","469,97",154,Televisão
Adventure Works,Regular,"216,12","469,97",155,Televisão
Adventure Works,Regular,"216,12","469,97",156,Televisão
Adventure Works,Regular,"505,85","1099,99",157,Televisão
Adventure Works,Regular,"505,85","1099,99",158,Televisão
Adventure Works,Regular,"505,85","1099,99",159,Televisão
Adventure Works,Regular,"505,85","1099,99",160,Televisão
Adventure Works,Regular,"389,26","763,51",165,Televisão
Southridge Video,Regular,"54,72",119,166,DVD
Southridge Video,Regular,"59,32",129,168,DVD
Southridge Video,Regular,"54,72",119,169,DVD
Southridge Video,Regular,"50,13",109,170,DVD
Southridge Video,Regular,"43,04","129,9",174,DVD
Southridge Video,Regular,"53,76","116,9",175,DVD
Southridge Video,Regular,"58,36","126,9",176,DVD
Southridge Video,Regular,"54,72",119,179,DVD
Southridge Video,Regular,"59,32",129,181,DVD
Southridge Video,Regular,"54,72",119,182,DVD
Southridge Video,Regular,"50,13",109,183,DVD
Southridge Video,Regular,"43,04","129,9",187,DVD
Southridge Video,Regular,"53,76","116,9",188,DVD
Southridge Video,Regular,"58,36","126,9",189,DVD
Litware,Regular,"275,46",599,192,Home Theater
Litware,Regular,"321,44",699,193,Home Theater
Litware,Regular,"293,85",639,195,Home Theater
Litware,Regular,"275,46",599,198,Home Theater
Litware,Regular,"261,66",569,199,Home Theater
Litware,Regular,"252,47",549,200,Home Theater
Litware,Regular,"321,44",699,201,Home Theater
Litware,Regular,"316,85",689,202,Home Theater
Litware,Regular,"264,72",799,203,Home Theater
Litware,Regular,"275,46",599,205,Home Theater
Litware,Regular,"261,66",569,206,Home Theater
Litware,Regular,"266,26",579,207,Home Theater
Litware,Regular,"275,46",599,208,Home Theater
Litware,Regular,"321,44",699,209,Home Theater
Litware,Regular,"293,85",639,211,Home Theater
Litware,Regular,"275,46",599,214,Home Theater
Litware,Regular,"261,66",569,215,Home Theater
Litware,Regular,"252,47",549,216,Home Theater
Litware,Regular,"321,44",699,217,Home Theater
Litware,Regular,"316,85",689,218,Home Theater
Litware,Regular,"264,72",799,219,Home Theater
Litware,Regular,"275,46",599,221,Home Theater
Litware,Regular,"261,66",569,222,Home Theater
Litware,Regular,"266,26",579,223,Home Theater
Litware,Regular,"275,46",599,224,Home Theater
Litware,Regular,"321,44",699,225,Home Theater
Litware,Regular,"293,85",639,227,Home Theater
Litware,Regular,"275,46",599,230,Home Theater
Litware,Regular,"261,66",569,231,Home Theater
Litware,Regular,"252,47",549,232,Home Theater
Litware,Regular,"321,44",699,233,Home Theater
Litware,Regular,"316,85",689,234,Home Theater
Litware,Regular,"264,72",799,235,Home Theater
Litware,Regular,"275,46",599,237,Home Theater
Litware,Regular,"261,66",569,238,Home Theater
Litware,Regular,"266,26",579,239,Home Theater
Wide World Importers,Regular,"321,44",699,635,Projetor
Wide World Importers,Regular,"459,4",999,636,Projetor
Wide World Importers,Regular,"116,75",229,637,Projetor
Wide World Importers,Regular,"254,4",499,638,Projetor
Wide World Importers,Regular,"152,08",459,639,Projetor
Wide World Importers,Regular,"99,06",299,640,Projetor
Wide World Importers,Regular,"115,43",251,641,Projetor
Proseware,Regular,"73,12",159,642,"Impressora, Scanner & Fax"
Proseware,Regular,"77,72",169,643,"Impressora, Scanner & Fax"
Proseware,Regular,"69,25",209,645,"Impressora, Scanner & Fax"
Proseware,Regular,"72,56",219,646,"Impressora, Scanner & Fax"
Proseware,Regular,"53,34",116,651,"Impressora, Scanner & Fax"
Proseware,Regular,"55,64",121,652,"Impressora, Scanner & Fax"
Proseware,Regular,"62,54",136,653,"Impressora, Scanner & Fax"
Proseware,Regular,"59,32",129,654,"Impressora, Scanner & Fax"
A. Datum,Regular,"86,45",188,948,Câmera Digital
A. Datum,Regular,"88,79",268,949,Câmera Digital
A. Datum,Regular,"84,84","184,5",952,Câmera Digital
A. Datum,Regular,"86,68","188,5",953,Câmera Digital
A. Datum,Regular,"85,95","186,9",954,Câmera Digital
A. Datum,Regular,"90,55","196,9",955,Câmera Digital
A. Datum,Regular,"91,05",198,956,Câmera Digital
A. Datum,Regular,"76,53",231,957,Câmera Digital
The Phone Company,Regular,"137,5",299,1523,Tablet
The Phone Company,Regular,"109,45",238,1526,Tablet
The Phone Company,Regular,"123,24",268,1527,Tablet
The Phone Company,Regular,"117,27",255,1529,Tablet
The Phone Company,Regular,"122,32",266,1530,Tablet
Southridge Video,Regular,"44,1","95,9",911,Acessório para Computador
Southridge Video,Regular,"44,1","95,9",912,Acessório para Computador
Southridge Video,Regular,"44,1","95,9",913,Acessório para Computador
Southridge Video,Regular,"44,1","95,9",914,Acessório para Computador
Fabrikam,Regular,"215,15",422,1148,Câmera e Filmadora
Fabrikam,Regular,"220,25",432,1149,Câmera e Filmadora
Fabrikam,Regular,"209,54",411,1150,Câmera e Filmadora
Fabrikam,Regular,"209,03",410,1151,Câmera e Filmadora
Fabrikam,Regular,"331,32",1000,1152,Câmera e Filmadora
Fabrikam,Regular,"330,99",999,1153,Câmera e Filmadora
Fabrikam,Regular,"330,66",998,1154,Câmera e Filmadora
Fabrikam,Regular,"324,69",980,1155,Câmera e Filmadora
Fabrikam,Regular,"409,28",890,1160,Câmera e Filmadora
Fabrikam,Regular,"404,68",880,1161,Câmera e Filmadora
Fabrikam,Regular,"395,48",860,1162,Câmera e Filmadora
Fabrikam,Regular,"390,88",850,1163,Câmera e Filmadora
Fabrikam,Regular,"275,92",600,1168,Câmera e Filmadora
Fabrikam,Regular,"260,28",566,1169,Câmera e Filmadora
Southridge Video,Regular,"169,69",369,323,Sistema Audivisual para Carro
Southridge Video,Regular,"229,93",500,324,Sistema Audivisual para Carro
Southridge Video,Regular,"229,47",499,325,Sistema Audivisual para Carro
Southridge Video,Regular,"152,44",299,326,Sistema Audivisual para Carro
Southridge Video,Regular,"157,54",309,330,Sistema Audivisual para Carro
Southridge Video,Regular,"162,64",319,333,Sistema Audivisual para Carro
Southridge Video,Regular,"36,33",79,934,Acessório para Computador
Southridge Video,Regular,"36,33",79,935,Acessório para Computador
Southridge Video,Regular,"36,33",79,936,Acessório para Computador
Southridge Video,Regular,"36,33",79,937,Acessório para Computador
A. Datum,Regular,"66,26",200,945,Câmera Digital
A. Datum,Regular,"66,26",200,959,Câmera Digital
Fabrikam,Regular,"291,09",633,1170,Câmera e Filmadora
Fabrikam,Regular,"301,21",655,1171,Câmera e Filmadora
Fabrikam,Regular,"215,15",422,1172,Câmera e Filmadora
Fabrikam,Regular,"220,25",432,1173,Câmera e Filmadora
Fabrikam,Regular,"209,54",411,1174,Câmera e Filmadora
Fabrikam,Regular,"209,03",410,1175,Câmera e Filmadora
Fabrikam,Regular,"331,32",1000,1176,Câmera e Filmadora
Fabrikam,Regular,"330,99",999,1177,Câmera e Filmadora
Fabrikam,Regular,"330,66",998,1178,Câmera e Filmadora
Fabrikam,Regular,"234,52",460,1223,Câmera e Filmadora
Fabrikam,Regular,"341,26",1030,1224,Câmera e Filmadora
Adventure Works,Regular,"188,13",369,425,Desktop
Adventure Works,Regular,"254,86","499,9",426,Desktop
Adventure Works,Regular,"215,68",469,427,Desktop
Adventure Works,Regular,"275,87","599,9",429,Desktop
Adventure Works,Regular,"188,13",369,431,Desktop
Adventure Works,Regular,"254,86","499,9",432,Desktop
Adventure Works,Regular,"275,46",599,434,Desktop
Adventure Works,Regular,"188,13",369,436,Desktop
Proseware,Regular,"53,34",116,680,"Impressora, Scanner & Fax"
Proseware,Regular,"55,64",121,681,"Impressora, Scanner & Fax"
Proseware,Regular,"62,54",136,682,"Impressora, Scanner & Fax"
Proseware,Regular,"59,32",129,683,"Impressora, Scanner & Fax"
Proseware,Regular,"73,58",160,684,"Impressora, Scanner & Fax"
Proseware,Regular,"72,66",158,685,"Impressora, Scanner & Fax"
Proseware,Regular,"68,52",149,686,"Impressora, Scanner & Fax"
Proseware,Regular,"69,25",209,687,"Impressora, Scanner & Fax"
Proseware,Regular,"54,26",118,688,"Impressora, Scanner & Fax"
Proseware,Regular,"73,12",159,689,"Impressora, Scanner & Fax"
Proseware,Regular,"74,96",163,695,"Impressora, Scanner & Fax"
Proseware,Regular,"87,37",190,696,"Impressora, Scanner & Fax"
Proseware,Regular,"67,6",147,697,"Impressora, Scanner & Fax"
Proseware,Regular,"86,45",188,698,"Impressora, Scanner & Fax"
A. Datum,Regular,"90,55","196,9",969,Câmera Digital
A. Datum,Regular,"91,05",198,970,Câmera Digital
A. Datum,Regular,"76,53",231,971,Câmera Digital
A. Datum,Regular,"66,26",200,973,Câmera Digital
A. Datum,Regular,"86,45",188,976,Câmera Digital
A. Datum,Regular,"88,79",268,977,Câmera Digital
A. Datum,Regular,"84,84","184,5",980,Câmera Digital
A. Datum,Regular,"86,68","188,5",981,Câmera Digital
A. Datum,Regular,"85,95","186,9",982,Câmera Digital
A. Datum,Regular,"90,55","196,9",983,Câmera Digital
A. Datum,Regular,"91,05",198,984,Câmera Digital
A. Datum,Regular,"76,53",231,985,Câmera Digital
A. Datum,Regular,"66,26",200,987,Câmera Digital
A. Datum,Regular,"86,45",188,990,Câmera Digital
Fabrikam,Regular,"390,88",850,1211,Câmera e Filmadora
Fabrikam,Regular,"285,12",620,1216,Câmera e Filmadora
Fabrikam,Regular,"255,68",556,1217,Câmera e Filmadora
Fabrikam,Regular,"293,39",638,1218,Câmera e Filmadora
Fabrikam,Regular,"305,81",665,1219,Câmera e Filmadora
Fabrikam,Regular,"230,44",452,1220,Câmera e Filmadora
Fabrikam,Regular,"245,74",482,1221,Câmera e Filmadora
Southridge Video,Regular,"229,93",500,292,Sistema Audivisual para Carro
Southridge Video,Regular,"229,47",499,293,Sistema Audivisual para Carro
Southridge Video,Regular,"152,44",299,294,Sistema Audivisual para Carro
Southridge Video,Regular,"157,54",309,298,Sistema Audivisual para Carro
Southridge Video,Regular,"162,64",319,301,Sistema Audivisual para Carro
Southridge Video,Regular,"321,44",699,304,Sistema Audivisual para Carro
Southridge Video,Regular,"151,3",329,305,Sistema Audivisual para Carro
Southridge Video,Regular,"169,69",369,306,Sistema Audivisual para Carro
Southridge Video,Regular,"169,69",369,307,Sistema Audivisual para Carro
Southridge Video,Regular,"229,93",500,308,Sistema Audivisual para Carro
Southridge Video,Regular,"229,47",499,309,Sistema Audivisual para Carro
Southridge Video,Regular,"152,44",299,310,Sistema Audivisual para Carro
Southridge Video,Regular,"157,54",309,314,Sistema Audivisual para Carro
Southridge Video,Regular,"162,64",319,317,Sistema Audivisual para Carro
Southridge Video,Regular,"321,44",699,320,Sistema Audivisual para Carro
Southridge Video,Regular,"151,3",329,321,Sistema Audivisual para Carro
Southridge Video,Regular,"169,69",369,322,Sistema Audivisual para Carro
Wide World Importers,Regular,"160,49",349,449,Desktop
Wide World Importers,Regular,"257,06",559,451,Desktop
Wide World Importers,Regular,"257,06",559,456,Desktop
Proseware,Regular,"205,09",619,463,Monitor
Proseware,Regular,"224,97",679,464,Monitor
Proseware,Regular,"119,11",259,465,Monitor
Proseware,Regular,"128,3",279,466,Monitor
Fabrikam,Regular,"208,4",629,1108,Câmera Digital SLR
Fabrikam,Regular,"144,52","436,2",1109,Câmera Digital SLR
Wide World Importers,Regular,"205,09",619,519,Monitor
Wide World Importers,Regular,"224,97",679,520,Monitor
Wide World Importers,Regular,"119,11",259,521,Monitor
Wide World Importers,Regular,"128,3",279,522,Monitor
Wide World Importers,Regular,"82,32",179,524,Monitor
The Phone Company,Regular,"105,31",229,1471,Tablet
The Phone Company,Regular,"109,91",239,1472,Tablet
The Phone Company,Regular,"123,7",269,1473,Tablet
The Phone Company,Regular,"95,65",208,1474,Tablet
The Phone Company,Regular,"105,77",230,1475,Tablet
The Phone Company,Regular,"132,44",288,1476,Tablet
The Phone Company,Regular,"133,36",290,1455,Smartphone
The Phone Company,Regular,"138,42",301,1456,Smartphone
The Phone Company,Regular,"137,96",300,1488,Tablet
The Phone Company,Regular,"105,31",229,1491,Tablet
The Phone Company,Regular,"109,91",239,1492,Tablet
The Phone Company,Regular,"123,7",269,1493,Tablet
The Phone Company,Regular,"95,65",208,1494,Tablet
The Phone Company,Regular,"105,77",230,1495,Tablet
The Phone Company,Regular,"132,44",288,1496,Tablet
The Phone Company,Regular,"122,78",267,1497,Tablet
The Phone Company,Regular,"137,96",300,1498,Tablet
Southridge Video,Regular,"321,44",699,336,Sistema Audivisual para Carro
Southridge Video,Regular,"151,3",329,337,Sistema Audivisual para Carro
Fabrikam,Regular,"397,25",1199,338,Laptop
Fabrikam,Regular,"404,63","879,9",339,Laptop
Fabrikam,Regular,"376,63",819,340,Laptop
Fabrikam,Regular,"444,69",967,341,Laptop
Fabrikam,Regular,"275,46",599,342,Laptop
Fabrikam,Regular,"364,12",1099,343,Laptop
Fabrikam,Regular,"186,6",366,344,Laptop
Fabrikam,Regular,"321,44",699,345,Laptop
Fabrikam,Regular,"303,05",659,346,Laptop
Fabrikam,Regular,"269,48",586,347,Laptop
Fabrikam,Regular,"348,58",758,348,Laptop
Fabrikam,Regular,"195,26",383,349,Laptop
Fabrikam,Regular,"203,42",399,350,Laptop
Fabrikam,Regular,"196,23","384,9",353,Laptop
Fabrikam,Regular,"195,24","382,95",354,Laptop
Fabrikam,Regular,"185,32","363,5",355,Laptop
Fabrikam,Regular,"210,11","456,9",356,Laptop
Fabrikam,Regular,"187,62",368,359,Laptop
Fabrikam,Regular,"193,74",380,360,Laptop
Fabrikam,Regular,"198,32",389,361,Laptop
Adventure Works,Regular,"321,44",699,363,Laptop
Adventure Works,Regular,"195,24","382,95",364,Laptop
Adventure Works,Regular,"275,46",599,365,Laptop
Adventure Works,Regular,"348,58",758,366,Laptop
Adventure Works,Regular,"321,44",699,369,Laptop
Adventure Works,Regular,"195,24","382,95",370,Laptop
Adventure Works,Regular,"275,46",599,371,Laptop
Adventure Works,Regular,"348,58",758,372,Laptop
Adventure Works,Regular,"321,44",699,375,Laptop
Adventure Works,Regular,"195,24","382,95",376,Laptop
Adventure Works,Regular,"275,46",599,377,Laptop
Adventure Works,Regular,"348,58",758,378,Laptop
Wide World Importers,Regular,"459,4",999,614,Projetor
Wide World Importers,Regular,"116,75",229,615,Projetor
Wide World Importers,Regular,"254,4",499,616,Projetor
Wide World Importers,Regular,"152,08",459,617,Projetor
Wide World Importers,Regular,"99,06",299,618,Projetor
Wide World Importers,Regular,"115,43",251,619,Projetor
Wide World Importers,Regular,"321,44",699,624,Projetor
Wide World Importers,Regular,"459,4",999,625,Projetor
Wide World Importers,Regular,"116,75",229,626,Projetor
Wide World Importers,Regular,"254,4",499,627,Projetor
Wide World Importers,Regular,"152,08",459,628,Projetor
Wide World Importers,Regular,"99,06",299,629,Projetor
Wide World Importers,Regular,"115,43",251,630,Projetor
Adventure Works,Regular,"321,44",699,381,Laptop
Adventure Works,Regular,"195,24","382,95",382,Laptop
Adventure Works,Regular,"275,46",599,383,Laptop
Adventure Works,Regular,"348,58",758,384,Laptop
Adventure Works,Regular,"321,44",699,387,Laptop
Adventure Works,Regular,"195,24","382,95",388,Laptop
Adventure Works,Regular,"275,46",599,389,Laptop
Wide World Importers,Regular,"321,44",699,391,Laptop
Wide World Importers,Regular,"195,24","382,95",392,Laptop
Wide World Importers,Regular,"275,46",599,393,Laptop
Wide World Importers,Regular,"348,58",758,394,Laptop
Wide World Importers,Regular,"321,44",699,397,Laptop
Wide World Importers,Regular,"195,24","382,95",398,Laptop
Wide World Importers,Regular,"275,46",599,399,Laptop
Wide World Importers,Regular,"348,58",758,400,Laptop
Wide World Importers,Regular,"321,44",699,403,Laptop
Proseware,Regular,"321,44",699,405,Laptop
Proseware,Regular,"195,24","382,95",406,Laptop
Proseware,Regular,"275,46",599,407,Laptop
Proseware,Regular,"348,58",758,408,Laptop
Proseware,Regular,"321,44",699,411,Laptop
Proseware,Regular,"195,24","382,95",412,Laptop
Proseware,Regular,"275,46",599,413,Laptop
Proseware,Regular,"348,58",758,414,Laptop
Adventure Works,Regular,"275,46",599,417,Desktop
Adventure Works,Regular,"188,13",369,419,Desktop
Adventure Works,Regular,"254,86","499,9",420,Desktop
Adventure Works,Regular,"215,68",469,421,Desktop
Adventure Works,Regular,"275,46",599,423,Desktop
Adventure Works,Regular,"254,86","499,9",437,Desktop
Wide World Importers,Regular,"257,06",559,439,Desktop
Wide World Importers,Regular,"160,49",349,443,Desktop
Wide World Importers,Regular,"257,06",559,445,Desktop
Proseware,Regular,"82,32",179,468,Monitor
Proseware,Regular,"205,09",619,477,Monitor
Proseware,Regular,"224,97",679,478,Monitor
Proseware,Regular,"119,11",259,479,Monitor
Proseware,Regular,"128,3",279,480,Monitor
Proseware,Regular,"82,32",179,482,Monitor
Adventure Works,Regular,"205,09",619,491,Monitor
Adventure Works,Regular,"224,97",679,492,Monitor
Adventure Works,Regular,"119,11",259,493,Monitor
Adventure Works,Regular,"128,3",279,494,Monitor
Adventure Works,Regular,"82,32",179,496,Monitor
Adventure Works,Regular,"205,09",619,505,Monitor
Adventure Works,Regular,"224,97",679,506,Monitor
Adventure Works,Regular,"119,11",259,507,Monitor
Adventure Works,Regular,"128,3",279,508,Monitor
Adventure Works,Regular,"82,32",179,510,Monitor
Wide World Importers,Regular,"205,09",619,530,Monitor
Wide World Importers,Regular,"224,97",679,531,Monitor
Wide World Importers,Regular,"119,11",259,532,Monitor
Wide World Importers,Regular,"128,3",279,533,Monitor
Wide World Importers,Regular,"82,32",179,535,Monitor
Proseware,Regular,"321,44",699,541,Projetor
Proseware,Regular,"459,4",999,542,Projetor
Proseware,Regular,"116,75",229,543,Projetor
Proseware,Regular,"254,4",499,544,Projetor
Proseware,Regular,"152,08",459,545,Projetor
Proseware,Regular,"99,06",299,546,Projetor
Proseware,Regular,"115,43",251,547,Projetor
Proseware,Regular,"321,44",699,553,Projetor
Proseware,Regular,"459,4",999,554,Projetor
Proseware,Regular,"116,75",229,555,Projetor
Proseware,Regular,"254,4",499,556,Projetor
Proseware,Regular,"152,08",459,557,Projetor
Proseware,Regular,"99,06",299,558,Projetor
Proseware,Regular,"115,43",251,559,Projetor
Proseware,Regular,"321,44",699,565,Projetor
Proseware,Regular,"459,4",999,566,Projetor
Proseware,Regular,"116,75",229,567,Projetor
Proseware,Regular,"254,4",499,568,Projetor
Proseware,Regular,"152,08",459,569,Projetor
Proseware,Regular,"99,06",299,570,Projetor
Proseware,Regular,"115,43",251,571,Projetor
Wide World Importers,Regular,"321,44",699,613,Projetor
Proseware,Regular,"73,58",160,655,"Impressora, Scanner & Fax"
Proseware,Regular,"72,66",158,656,"Impressora, Scanner & Fax"
Proseware,Regular,"68,52",149,657,"Impressora, Scanner & Fax"
Proseware,Regular,"69,25",209,658,"Impressora, Scanner & Fax"
Proseware,Regular,"54,26",118,659,"Impressora, Scanner & Fax"
Proseware,Regular,"73,12",159,660,"Impressora, Scanner & Fax"
Proseware,Regular,"74,96",163,666,"Impressora, Scanner & Fax"
Proseware,Regular,"87,37",190,667,"Impressora, Scanner & Fax"
Proseware,Regular,"67,6",147,668,"Impressora, Scanner & Fax"
Proseware,Regular,"86,45",188,669,"Impressora, Scanner & Fax"
Proseware,Regular,"90,13",196,670,"Impressora, Scanner & Fax"
Proseware,Regular,"73,12",159,671,"Impressora, Scanner & Fax"
Proseware,Regular,"77,72",169,672,"Impressora, Scanner & Fax"
Proseware,Regular,"69,25",209,674,"Impressora, Scanner & Fax"
Proseware,Regular,"72,56",219,675,"Impressora, Scanner & Fax"
Proseware,Regular,"90,13",196,699,"Impressora, Scanner & Fax"
Proseware,Regular,"73,12",159,700,"Impressora, Scanner & Fax"
Proseware,Regular,"77,72",169,701,"Impressora, Scanner & Fax"
Proseware,Regular,"69,25",209,703,"Impressora, Scanner & Fax"
Proseware,Regular,"72,56",219,704,"Impressora, Scanner & Fax"
Proseware,Regular,"53,34",116,709,"Impressora, Scanner & Fax"
Proseware,Regular,"55,64",121,710,"Impressora, Scanner & Fax"
Proseware,Regular,"62,54",136,711,"Impressora, Scanner & Fax"
Proseware,Regular,"59,32",129,712,"Impressora, Scanner & Fax"
Proseware,Regular,"73,58",160,713,"Impressora, Scanner & Fax"
Proseware,Regular,"72,66",158,714,"Impressora, Scanner & Fax"
Proseware,Regular,"68,52",149,715,"Impressora, Scanner & Fax"
Proseware,Regular,"69,25",209,716,"Impressora, Scanner & Fax"
Proseware,Regular,"54,26",118,717,"Impressora, Scanner & Fax"
Proseware,Regular,"73,12",159,718,"Impressora, Scanner & Fax"
Proseware,Regular,"74,96",163,724,"Impressora, Scanner & Fax"
Proseware,Regular,"87,37",190,725,"Impressora, Scanner & Fax"
Proseware,Regular,"67,6",147,726,"Impressora, Scanner & Fax"
Proseware,Regular,"86,45",188,727,"Impressora, Scanner & Fax"
Proseware,Regular,"90,13",196,728,"Impressora, Scanner & Fax"
Proseware,Regular,"55,64",121,729,"Impressora, Scanner & Fax"
Proseware,Regular,"62,54",136,730,"Impressora, Scanner & Fax"
Proseware,Regular,"59,32",129,731,"Impressora, Scanner & Fax"
Proseware,Regular,"73,58",160,732,"Impressora, Scanner & Fax"
Proseware,Regular,"72,66",158,733,"Impressora, Scanner & Fax"
Proseware,Regular,"68,52",149,734,"Impressora, Scanner & Fax"
Proseware,Regular,"69,25",209,735,"Impressora, Scanner & Fax"
Proseware,Regular,"54,26",118,736,"Impressora, Scanner & Fax"
Proseware,Regular,"73,12",159,737,"Impressora, Scanner & Fax"
A. Datum,Regular,"86,45",188,962,Câmera Digital
A. Datum,Regular,"88,79",268,963,Câmera Digital
A. Datum,Regular,"84,84","184,5",966,Câmera Digital
A. Datum,Regular,"86,68","188,5",967,Câmera Digital
A. Datum,Regular,"85,95","186,9",968,Câmera Digital
A. Datum,Regular,"88,79",268,991,Câmera Digital
A. Datum,Regular,"84,84","184,5",994,Câmera Digital
A. Datum,Regular,"86,68","188,5",995,Câmera Digital
A. Datum,Regular,"85,95","186,9",996,Câmera Digital
A. Datum,Regular,"90,55","196,9",997,Câmera Digital
A. Datum,Regular,"91,05",198,998,Câmera Digital
A. Datum,Regular,"76,53",231,999,Câmera Digital
A. Datum,Regular,"66,26",200,1001,Câmera Digital
A. Datum,Regular,"86,45",188,1004,Câmera Digital
A. Datum,Regular,"88,79",268,1005,Câmera Digital
A. Datum,Regular,"84,84","184,5",1008,Câmera Digital
A. Datum,Regular,"86,68","188,5",1009,Câmera Digital
A. Datum,Regular,"85,95","186,9",1010,Câmera Digital
A. Datum,Regular,"90,55","196,9",1011,Câmera Digital
A. Datum,Regular,"91,05",198,1012,Câmera Digital
A. Datum,Regular,"76,53",231,1013,Câmera Digital
A. Datum,Regular,"66,26",200,1015,Câmera Digital
A. Datum,Regular,"86,45",188,1018,Câmera Digital
A. Datum,Regular,"88,79",268,1019,Câmera Digital
A. Datum,Regular,"84,84","184,5",1022,Câmera Digital
A. Datum,Regular,"86,68","188,5",1023,Câmera Digital
A. Datum,Regular,"85,95","186,9",1024,Câmera Digital
A. Datum,Regular,"90,55","196,9",1025,Câmera Digital
A. Datum,Regular,"91,05",198,1026,Câmera Digital
A. Datum,Regular,"76,53",231,1027,Câmera Digital
A. Datum,Regular,"66,26",200,1029,Câmera Digital
A. Datum,Regular,"86,45",188,1032,Câmera Digital
A. Datum,Regular,"88,79",268,1033,Câmera Digital
A. Datum,Regular,"84,84","184,5",1036,Câmera Digital
A. Datum,Regular,"86,68","188,5",1037,Câmera Digital
A. Datum,Regular,"85,95","186,9",1038,Câmera Digital
A. Datum,Regular,"90,55","196,9",1039,Câmera Digital
A. Datum,Regular,"91,05",198,1040,Câmera Digital
A. Datum,Regular,"76,53",231,1041,Câmera Digital
A. Datum,Regular,"91,05",198,1042,Câmera Digital
A. Datum,Regular,"76,53",231,1043,Câmera Digital
A. Datum,Regular,"207,74",627,1044,Câmera Digital SLR
A. Datum,Regular,"194,82",588,1045,Câmera Digital SLR
A. Datum,Regular,"155,43",338,1047,Câmera Digital SLR
A. Datum,Regular,"141,47",427,1048,Câmera Digital SLR
A. Datum,Regular,"194,82",588,1049,Câmera Digital SLR
A. Datum,Regular,"155,43",338,1051,Câmera Digital SLR
A. Datum,Regular,"207,74",627,1052,Câmera Digital SLR
A. Datum,Regular,"194,82",588,1053,Câmera Digital SLR
A. Datum,Regular,"155,43",338,1055,Câmera Digital SLR
A. Datum,Regular,"207,74",627,1056,Câmera Digital SLR
A. Datum,Regular,"194,82",588,1057,Câmera Digital SLR
A. Datum,Regular,"155,43",338,1059,Câmera Digital SLR
A. Datum,Regular,"207,74",627,1060,Câmera Digital SLR
A. Datum,Regular,"194,82",588,1061,Câmera Digital SLR
A. Datum,Regular,"155,43",338,1063,Câmera Digital SLR
A. Datum,Regular,"207,74",627,1064,Câmera Digital SLR
A. Datum,Regular,"194,82",588,1065,Câmera Digital SLR
A. Datum,Regular,"155,43",338,1067,Câmera Digital SLR
A. Datum,Regular,"141,47",427,1068,Câmera Digital SLR
A. Datum,Regular,"194,82",588,1069,Câmera Digital SLR
A. Datum,Regular,"155,43",338,1071,Câmera Digital SLR
A. Datum,Regular,"141,47",427,1072,Câmera Digital SLR
A. Datum,Regular,"194,82",588,1073,Câmera Digital SLR
A. Datum,Regular,"155,43",338,1075,Câmera Digital SLR
Fabrikam,Regular,"144,52","436,2",1113,Câmera Digital SLR
Fabrikam,Regular,"153,59",334,1114,Câmera Digital SLR
Fabrikam,Regular,"144,52","436,2",1117,Câmera Digital SLR
Fabrikam,Regular,"153,59",334,1118,Câmera Digital SLR
Fabrikam,Regular,"144,52","436,2",1121,Câmera Digital SLR
Fabrikam,Regular,"152,68",332,1122,Câmera Digital SLR
Fabrikam,Regular,"324,69",980,1179,Câmera e Filmadora
Fabrikam,Regular,"409,28",890,1184,Câmera e Filmadora
Fabrikam,Regular,"404,68",880,1185,Câmera e Filmadora
Fabrikam,Regular,"395,48",860,1186,Câmera e Filmadora
Fabrikam,Regular,"390,88",850,1187,Câmera e Filmadora
Fabrikam,Regular,"275,92",600,1192,Câmera e Filmadora
Fabrikam,Regular,"260,28",566,1193,Câmera e Filmadora
Fabrikam,Regular,"291,09",633,1194,Câmera e Filmadora
Fabrikam,Regular,"301,21",655,1195,Câmera e Filmadora
Fabrikam,Regular,"215,15",422,1196,Câmera e Filmadora
Fabrikam,Regular,"220,25",432,1197,Câmera e Filmadora
Fabrikam,Regular,"209,54",411,1198,Câmera e Filmadora
Fabrikam,Regular,"209,03",410,1199,Câmera e Filmadora
Fabrikam,Regular,"331,32",1000,1200,Câmera e Filmadora
Fabrikam,Regular,"330,99",999,1201,Câmera e Filmadora
Fabrikam,Regular,"330,66",998,1202,Câmera e Filmadora
Fabrikam,Regular,"324,69",980,1203,Câmera e Filmadora
Fabrikam,Regular,"409,28",890,1208,Câmera e Filmadora
Fabrikam,Regular,"404,68",880,1209,Câmera e Filmadora
Fabrikam,Regular,"395,48",860,1210,Câmera e Filmadora
Fabrikam,Regular,"219,74",431,1222,Câmera e Filmadora
The Phone Company,Regular,"105,77",230,1427,Smartphone
The Phone Company,Regular,"123,24",268,1428,Smartphone
The Phone Company,Regular,"132,9",289,1429,Smartphone
The Phone Company,Regular,"137,5",299,1430,Smartphone
The Phone Company,Regular,"117,73",256,1431,Smartphone
The Phone Company,Regular,"137,96",300,1432,Smartphone
The Phone Company,Regular,"141,64",308,1433,Smartphone
Fabrikam,Regular,"144,52","436,2",1125,Câmera Digital SLR
Fabrikam,Regular,"152,68",332,1126,Câmera Digital SLR
Fabrikam,Regular,"207,74",627,1128,Câmera Digital SLR
Fabrikam,Regular,"144,52","436,2",1129,Câmera Digital SLR
Fabrikam,Regular,"207,74",627,1132,Câmera Digital SLR
Fabrikam,Regular,"144,52","436,2",1133,Câmera Digital SLR
Fabrikam,Regular,"159,2","480,5",1136,Câmera Digital SLR
Fabrikam,Regular,"144,52","436,2",1137,Câmera Digital SLR
Fabrikam,Regular,"180,22","391,9",1138,Câmera Digital SLR
Fabrikam,Regular,"159,2","480,5",1140,Câmera Digital SLR
Fabrikam,Regular,"144,52","436,2",1141,Câmera Digital SLR
Fabrikam,Regular,"180,22","391,9",1142,Câmera Digital SLR
Fabrikam,Regular,"275,92",600,1144,Câmera e Filmadora
Fabrikam,Regular,"260,28",566,1145,Câmera e Filmadora
Fabrikam,Regular,"291,09",633,1146,Câmera e Filmadora
Fabrikam,Regular,"301,21",655,1147,Câmera e Filmadora
Fabrikam,Regular,"331,32",1000,1225,Câmera e Filmadora
Fabrikam,Regular,"330,99",999,1226,Câmera e Filmadora
Fabrikam,Regular,"327,34",988,1227,Câmera e Filmadora
Fabrikam,Regular,"408,36",888,1232,Câmera e Filmadora
Fabrikam,Regular,"403,76",878,1233,Câmera e Filmadora
Fabrikam,Regular,"393,64",856,1234,Câmera e Filmadora
Fabrikam,Regular,"385,37",838,1235,Câmera e Filmadora
Fabrikam,Regular,"403,76",878,1240,Câmera e Filmadora
Fabrikam,Regular,"393,64",856,1241,Câmera e Filmadora
Fabrikam,Regular,"385,37",838,1242,Câmera e Filmadora
The Phone Company,Regular,"105,31",229,1481,Tablet
The Phone Company,Regular,"109,91",239,1482,Tablet
The Phone Company,Regular,"123,7",269,1483,Tablet
The Phone Company,Regular,"95,65",208,1484,Tablet
The Phone Company,Regular,"105,77",230,1485,Tablet
The Phone Company,Regular,"132,44",288,1486,Tablet
The Phone Company,Regular,"122,78",267,1487,Tablet
The Phone Company,Regular,"109,45",238,1544,Tablet
The Phone Company,Regular,"123,24",268,1545,Tablet
The Phone Company,Regular,"117,27",255,1547,Tablet
The Phone Company,Regular,"122,32",266,1548,Tablet
The Phone Company,Regular,"128,76",280,1550,Tablet
The Phone Company,Regular,"137,5",299,1551,Tablet
The Phone Company,Regular,"123,24",268,1553,Tablet
The Phone Company,Regular,"128,76",280,1568,Tablet
The Phone Company,Regular,"137,5",299,1569,Tablet
Southridge Video,Regular,"26,21","56,99",1571,Filme DVD
Southridge Video,Regular,"26,67","57,99",1572,Filme DVD
Southridge Video,Regular,"27,13","58,99",1573,Filme DVD
Southridge Video,Regular,"27,59","59,99",1574,Filme DVD
Southridge Video,Regular,"28,05","60,99",1575,Filme DVD
Southridge Video,Regular,"8,27","17,99",1582,Filme DVD
Southridge Video,Regular,"6,39","13,89",1583,Filme DVD
Southridge Video,Regular,"5,82","12,66",1586,Filme DVD
Southridge Video,Regular,"8,27","17,99",1587,Filme DVD
Southridge Video,Regular,"6,39","13,89",1588,Filme DVD
Southridge Video,Regular,"5,82","12,66",1591,Filme DVD
Southridge Video,Regular,"8,27","17,99",1592,Filme DVD
Southridge Video,Regular,"6,39","13,89",1593,Filme DVD
Southridge Video,Regular,"5,82","12,66",1596,Filme DVD
Southridge Video,Regular,"26,62","57,88",1597,Filme DVD
Southridge Video,Regular,"26,62","57,88",1598,Filme DVD
The Phone Company,Regular,"122,78",267,1477,Tablet
The Phone Company,Regular,"137,96",300,1478,Tablet
The Phone Company,Regular,"105,77",230,1410,Smartphone
The Phone Company,Regular,"123,24",268,1411,Smartphone
The Phone Company,Regular,"132,9",289,1412,Smartphone
The Phone Company,Regular,"137,5",299,1413,Smartphone
The Phone Company,Regular,"117,73",256,1414,Smartphone
The Phone Company,Regular,"137,96",300,1415,Smartphone
The Phone Company,Regular,"141,64",308,1416,Smartphone
The Phone Company,Regular,"123,24",268,1417,Smartphone
The Phone Company,Regular,"134,74",293,1418,Smartphone
The Phone Company,Regular,"118,65",258,1419,Smartphone
The Phone Company,Regular,"133,36",290,1421,Smartphone
The Phone Company,Regular,"138,42",301,1422,Smartphone
The Phone Company,Regular,"123,24",268,1434,Smartphone
The Phone Company,Regular,"134,74",293,1435,Smartphone
The Phone Company,Regular,"118,65",258,1436,Smartphone
The Phone Company,Regular,"133,36",290,1438,Smartphone
The Phone Company,Regular,"138,42",301,1439,Smartphone
The Phone Company,Regular,"105,77",230,1444,Smartphone
The Phone Company,Regular,"123,24",268,1445,Smartphone
The Phone Company,Regular,"132,9",289,1446,Smartphone
The Phone Company,Regular,"137,5",299,1447,Smartphone
The Phone Company,Regular,"117,73",256,1448,Smartphone
The Phone Company,Regular,"137,96",300,1449,Smartphone
The Phone Company,Regular,"141,64",308,1450,Smartphone
The Phone Company,Regular,"123,24",268,1451,Smartphone
The Phone Company,Regular,"134,74",293,1452,Smartphone
The Phone Company,Regular,"118,65",258,1453,Smartphone
The Phone Company,Regular,"105,31",229,1501,Tablet
The Phone Company,Regular,"109,91",239,1502,Tablet
The Phone Company,Regular,"123,7",269,1503,Tablet
The Phone Company,Regular,"95,65",208,1504,Tablet
The Phone Company,Regular,"105,77",230,1505,Tablet
The Phone Company,Regular,"132,44",288,1506,Tablet
The Phone Company,Regular,"122,78",267,1507,Tablet
The Phone Company,Regular,"137,96",300,1508,Tablet
The Phone Company,Regular,"105,31",229,1511,Tablet
The Phone Company,Regular,"109,91",239,1512,Tablet
The Phone Company,Regular,"123,7",269,1513,Tablet
The Phone Company,Regular,"95,65",208,1514,Tablet
The Phone Company,Regular,"105,77",230,1515,Tablet
The Phone Company,Regular,"132,44",288,1516,Tablet
The Phone Company,Regular,"122,78",267,1517,Tablet
The Phone Company,Regular,"137,96",300,1518,Tablet
The Phone Company,Regular,"128,76",280,1520,Tablet
The Phone Company,Regular,"128,76",280,1532,Tablet
The Phone Company,Regular,"137,5",299,1533,Tablet
The Phone Company,Regular,"123,24",268,1535,Tablet
The Phone Company,Regular,"137,04",298,1536,Tablet
The Phone Company,Regular,"128,76",280,1538,Tablet
The Phone Company,Regular,"137,5",299,1541,Tablet
The Phone Company,Regular,"137,04",298,1554,Tablet
The Phone Company,Regular,"128,76",280,1556,Tablet
The Phone Company,Regular,"137,5",299,1559,Tablet
The Phone Company,Regular,"109,45",238,1562,Tablet
The Phone Company,Regular,"123,24",268,1563,Tablet
The Phone Company,Regular,"117,27",255,1565,Tablet
The Phone Company,Regular,"122,32",266,1566,Tablet
Southridge Video,Regular,"26,62","57,88",1599,Filme DVD
Southridge Video,Regular,"26,62","57,88",1600,Filme DVD
Southridge Video,Regular,"73,57","159,99",1601,Filme DVD
Southridge Video,Regular,"82,77","179,99",1602,Filme DVD
Southridge Video,Regular,"73,57","159,99",1606,Filme DVD
Southridge Video,Regular,"82,77","179,99",1607,Filme DVD
Southridge Video,Regular,"73,57","159,99",1611,Filme DVD
Southridge Video,Regular,"82,77","179,99",1612,Filme DVD
